{
  "length": 440.761179,
  "sampleLength": 44.0761179,
  "samples": "10"
}