{
  "length": 434.166712,
  "sampleLength": 5.4270839,
  "samples": "80"
}