{
  "length": 161.216145,
  "sampleLength": 16.1216145,
  "samples": "10"
}