{
  "length": 133.537959,
  "sampleLength": 7.028313631578947,
  "samples": "19"
}